,OFF_RATING,DEF_RATING,NET_RATING,W
OFF_RATING,1.0,-0.5709029679047977,0.8678163797661522,0.5235572624455525
DEF_RATING,-0.5709029679047977,1.0,-0.9033802999849813,-0.54781071595941
NET_RATING,0.8678163797661522,-0.9033802999849813,1.0,0.6059278672523309
W,0.5235572624455525,-0.54781071595941,0.6059278672523309,1.0
