,OFF_RATING,DEF_RATING,NET_RATING,W
OFF_RATING,1.0,-0.49411015681683246,0.8938840145236835,0.8902009805603113
DEF_RATING,-0.49411015681683246,1.0,-0.8313924284001943,-0.8009183571892383
NET_RATING,0.8938840145236835,-0.8313924284001943,1.0,0.9817652809667327
W,0.8902009805603113,-0.8009183571892383,0.9817652809667327,1.0
